epoch,accuracy,auc,f1_score,loss,val_accuracy,val_auc,val_f1_score,val_loss
0,0.04839659854769707,0.6686278581619263,0.005641482770442963,4.987472057342529,0.03759398311376572,0.6873506307601929,0.004608306102454662,5.006124496459961
1,0.10243245214223862,0.7623035907745361,0.02761799655854702,4.479494094848633,0.08861439675092697,0.7911341190338135,0.02446366846561432,4.46813440322876
2,0.13828802108764648,0.8197468519210815,0.04971038177609444,4.073831558227539,0.11009667068719864,0.803041398525238,0.03749335557222366,4.24799108505249
3,0.1823078840970993,0.861617386341095,0.09531036019325256,3.7171852588653564,0.1441102772951126,0.8408779501914978,0.06800372898578644,3.9279661178588867
